m,t_exact,t_approx,g
100,105891,107117,1.01158
120,129645,131571,1.01486
140,149307,151149,1.01234
160,171134,173603,1.01443
180,192131,194106,1.01028
200,212536,215412,1.01353
